{"cameraMode":{"drawMode":0,"name":"Shaded","section":"Shading Mode"},"sceneLighting":true,"audioPlay":false,"sceneViewState":{"m_AlwaysRefresh":false,"showFog":true,"showSkybox":true,"showFlares":true,"showImageEffects":true,"showParticleSystems":true,"showVisualEffectGraphs":true,"m_FxEnabled":true},"in2DMode":false,"pivot":{"x":-0.068568654358387,"y":0.44894537329673769,"z":0.27482056617736819},"rotation":{"x":0.23338919878005982,"y":0.5121120810508728,"z":-0.14696672558784486,"w":0.8136811852455139},"size":1.4660253524780274,"orthographic":false}